AF_Ask_ID,AF_Ask_Title,AF_Ask_Summary,Priority_(H/M/L),GLL_Capability_Mapped,Evidence/Artifact_Refs,Status_(Green/Yellow/Red),Owner,Due_Date(YYYY-MM-DD),Notes,OODA_Link_ID
AF-01,Real-time fusion & decision support,Turn multi-source data into commander-ready actions within minutes.,H,Incident Card + Fusion Score + 45s Brief,"IC-ICOAST-001..003 (planned), API v0.1 schema",Yellow,Ghost,2025-12-12,Target MTTD ≤120s in sims.,F01
AF-02,Edge deployability in austere/contested envs,Operate with small kits at the edge under bandwidth constraints.,H,SDR+GNSS puck+Mini-PC kit; local triage,Sensor Kit Spec v0.1,Yellow,Ghost,2025-11-22,Add power & time-sync notes.,T01
AF-03,Explainable AI / analyst trust,"Transparent evidence, not black-box scores.",H,"Evidence bundle (I/Q, PSD, GNSS) + rationale text",Incident Card template v0.3,Yellow,Ghost,2025-11-08,Add human-readable rationale block.,F01
AF-04,Low false positives / validated metrics,Quantified FPR and clear acceptance criteria.,H,Red/Yellow bands + KPI logging,KPI sheet; Sim AAR (Dec),Yellow,Ghost,2025-12-20,Phase-1 target FPR ≤10% (sims).,FB01
AF-05,Ease of integration with C2/ISR (no rip-and-replace),JSON/REST outputs and schema documentation.,H,Incident JSON API + schema doc,API v0.1; sample card JSON,Yellow,Ghost,2025-11-15,Add C2 tags and mapping table.,A01
AF-06,Automation that frees analysts,Playbooks to auto-package or queue actions with human-in-the-loop.,M,Playbook engine + thresholds,Threshold Matrix v0.1,Yellow,Ghost,2025-11-29,Draft two low-risk playbooks.,D01
AF-07,Deception/spoofing & EW resilience,"Detect GPS spoof, jamming, and decoys; fuse with context.",H,"GNSS health, PSD anomalies, context fusion",Taiwan Sim Pack (Dec),Yellow,Ghost,2025-12-31,Red-team decoy injection in sims.,T03
AF-08,Compliance & security posture (IL4/IL5 path),"Document data handling, export controls, roadmap to IL levels.",H,Security posture 1-pager; SOW templates,Compliance Roadmap v0.1,Red,Ghost,2025-11-29,Draft minimal posture doc + export screening.,FB01

