timestamp_utc,qa_total_tests,qa_passed,qa_failed,pipeline_health_snippet
2025-12-01T08:58:38.295877,7,7,0,====================================== |  GLL PIPELINE HEALTH SUMMARY | ====================================== | Overall Health Score: 90/100 | Status: GREEN |  | QA Passed: 7 | QA Failed: 0 | Critica
2025-12-01T09:10:13.824535,7,7,0,====================================== |  GLL PIPELINE HEALTH SUMMARY | ====================================== | Overall Health Score: 90/100 | Status: GREEN |  | QA Passed: 7 | QA Failed: 0 | Critica
2025-12-02T00:28:26.569995,1,5,ok,0.41,0.259
2025-12-02T00:28:26.570351,2,5,ok,0.4,0.25
2025-12-02T00:28:26.570444,3,5,ok,0.1,0.077
2025-12-02T00:28:26.570526,4,5,ok,0.408,0.149
2025-12-02T00:28:26.570600,5,5,ok,0.497,0.217
2025-12-02T00:28:26.570670,6,5,ok,0.702,0.232
2025-12-02T00:28:26.570734,7,5,ok,0.473,0.167
2025-12-02T00:28:26.570797,8,5,ok,0.296,0.11
2025-12-02T00:28:26.570858,9,5,ok,0.89,0.28
2025-12-02T00:28:26.570919,10,5,ok,0.609,0.272
2025-12-02T00:28:57.367981,1,5,ok,0.842,0.271
2025-12-02T00:28:57.368259,2,5,ok,0.4,0.169
2025-12-02T00:28:57.368350,3,5,ok,0.37,0.141
2025-12-02T00:28:57.368428,4,5,ok,0.431,0.167
2025-12-02T00:28:57.368501,5,5,ok,0.643,0.251
2025-12-02T00:28:57.368572,6,5,ok,0.324,0.132
2025-12-02T00:28:57.368638,7,5,ok,0.4,0.197
2025-12-02T00:28:57.368704,8,5,ok,0.84,0.226
2025-12-02T00:28:57.368768,9,5,ok,0.4,0.178
2025-12-02T00:28:57.368832,10,5,ok,0.508,0.205
2025-12-02T01:14:10.170454,1,5,ok,0.444,0.185
2025-12-02T01:14:10.170871,2,5,ok,0.643,0.257
2025-12-02T01:14:10.170963,3,5,ok,0.4,0.196
2025-12-02T01:14:10.171041,4,5,ok,0.268,0.127
2025-12-02T01:14:10.171114,5,5,ok,0.691,0.329
2025-12-02T01:14:10.171184,6,5,ok,0.324,0.131
2025-12-02T01:14:10.171251,7,5,ok,0.887,0.356
2025-12-02T01:14:10.171317,8,5,ok,0.532,0.181
2025-12-02T01:14:10.171381,9,5,ok,0.4,0.182
2025-12-02T01:14:10.171443,10,5,ok,0.257,0.105
2025-12-02T01:18:51.106376,1,5,ok,0.56,0.192
2025-12-02T01:18:51.106780,2,5,ok,0.45,0.172
2025-12-02T01:18:51.106874,3,5,ok,0.1,0.063
2025-12-02T01:18:51.106949,4,5,ok,0.4,0.164
2025-12-02T01:18:51.107019,5,5,ok,0.546,0.25
2025-12-02T01:18:51.107087,6,5,ok,0.4,0.252
2025-12-02T01:18:51.107151,7,5,ok,0.4,0.142
2025-12-02T01:18:51.107254,8,5,ok,0.697,0.331
2025-12-02T01:18:51.107361,9,5,ok,0.6,0.376
2025-12-02T01:18:51.107478,10,5,ok,0.568,0.274
2025-12-02T01:24:21.542782,1,5,ok,0.141,0.09
2025-12-02T01:24:21.543211,2,5,ok,0.4,0.233
2025-12-02T01:24:21.543319,3,5,ok,0.314,0.135
2025-12-02T01:24:21.543404,4,5,ok,0.738,0.317
2025-12-02T01:24:21.543480,5,5,ok,0.4,0.179
2025-12-02T01:24:21.543554,6,5,ok,0.328,0.133
2025-12-02T01:24:21.543624,7,5,ok,0.6,0.265
2025-12-02T01:24:21.543692,8,5,ok,0.6,0.179
2025-12-02T01:24:21.543761,9,5,ok,0.4,0.195
2025-12-02T01:24:21.543826,10,5,ok,0.516,0.246
2025-12-02T01:28:18.929545,1,5,ok,0.464,0.202
2025-12-02T01:28:18.929873,2,5,ok,0.402,0.232
2025-12-02T01:28:18.929965,3,5,ok,0.69,0.41
2025-12-02T01:28:18.930044,4,5,ok,0.438,0.235
2025-12-02T01:28:18.930118,5,5,ok,0.288,0.136
2025-12-02T01:28:18.930188,6,5,ok,0.4,0.184
2025-12-02T01:28:18.930253,7,5,ok,0.416,0.133
2025-12-02T01:28:18.930320,8,5,ok,0.426,0.155
2025-12-02T01:28:18.930381,9,5,ok,0.4,0.185
2025-12-02T01:28:18.930443,10,5,ok,0.409,0.226
2025-12-02T01:32:37.156317,1,5,ok,0.42,0.146
2025-12-02T01:32:37.156743,2,5,ok,0.955,0.311
2025-12-02T01:32:37.156841,3,5,ok,0.4,0.236
2025-12-02T01:32:37.156924,4,5,ok,0.43,0.214
2025-12-02T01:32:37.156999,5,5,ok,0.497,0.22
2025-12-02T01:32:37.157070,6,5,ok,0.244,0.137
2025-12-02T01:32:37.157136,7,5,ok,0.357,0.152
2025-12-02T01:32:37.157199,8,5,ok,0.6,0.274
2025-12-02T01:32:37.157261,9,5,ok,0.654,0.196
2025-12-02T01:32:37.157321,10,5,ok,0.4,0.263
